player_id,player_segment,level_id,completion_time_sec,attempts,completed,date
player_000,regular,6,42.0,1,True,2025-07-19
player_000,regular,12,81.0,3,True,2025-07-29
player_000,regular,17,42.0,2,True,2025-07-09
player_000,regular,19,29.0,1,True,2025-07-16
player_000,regular,4,33.0,1,True,2025-07-10
player_000,regular,11,48.0,2,True,2025-07-02
player_000,regular,23,48.0,2,True,2025-06-29
player_000,regular,5,57.0,1,True,2025-07-06
player_000,regular,0,37.0,3,True,2025-07-28
player_000,regular,29,56.0,3,True,2025-07-02
player_000,regular,7,76.0,1,True,2025-07-11
player_000,regular,21,73.0,3,True,2025-07-19
player_000,regular,14,66.0,1,True,2025-07-04
player_000,regular,2,75.0,3,True,2025-07-09
player_001,casual,18,84.0,2,True,2025-07-02
player_001,casual,25,,2,False,2025-07-18
player_001,casual,21,45.0,2,True,2025-07-01
player_001,casual,23,36.0,1,True,2025-07-19
player_001,casual,5,56.0,2,True,2025-07-24
player_001,casual,2,37.0,2,True,2025-07-17
player_001,casual,4,72.0,3,True,2025-07-10
player_001,casual,24,58.0,3,True,2025-06-29
player_001,casual,9,44.0,1,True,2025-07-09
player_002,regular,5,,2,False,2025-07-16
player_002,regular,21,73.0,1,True,2025-07-19
player_002,regular,24,31.0,1,True,2025-07-19
player_002,regular,10,34.0,3,True,2025-07-19
player_002,regular,16,77.0,2,True,2025-07-17
player_002,regular,19,23.0,2,True,2025-07-22
player_002,regular,17,65.0,2,True,2025-06-30
player_002,regular,3,33.0,1,True,2025-06-29
player_002,regular,28,31.0,1,True,2025-07-14
player_003,hardcore,2,48.0,1,True,2025-07-27
player_003,hardcore,8,,1,False,2025-07-27
player_003,hardcore,28,73.0,2,True,2025-07-22
player_003,hardcore,27,57.0,1,True,2025-07-09
player_003,hardcore,26,81.0,1,True,2025-06-30
player_003,hardcore,20,59.0,1,True,2025-07-27
player_004,casual,2,58.0,4,True,2025-06-30
player_004,casual,8,59.0,3,True,2025-07-24
player_004,casual,25,59.0,2,True,2025-07-27
player_004,casual,13,44.0,2,True,2025-07-24
player_004,casual,20,65.0,2,True,2025-07-01
player_004,casual,21,,2,False,2025-07-24
player_004,casual,7,26.0,2,True,2025-07-07
player_004,casual,26,,1,False,2025-07-06
player_004,casual,22,36.0,2,True,2025-07-08
player_004,casual,11,33.0,3,True,2025-07-03
player_004,casual,27,59.0,2,True,2025-06-30
player_004,casual,3,71.0,4,True,2025-07-27
player_004,casual,10,29.0,4,True,2025-07-12
player_004,casual,17,56.0,3,True,2025-06-29
player_004,casual,12,37.0,4,True,2025-07-04
player_005,hardcore,28,88.0,2,True,2025-07-12
player_005,hardcore,10,54.0,2,True,2025-07-11
player_005,hardcore,2,45.0,2,True,2025-07-15
player_005,hardcore,16,43.0,2,True,2025-07-03
player_005,hardcore,8,66.0,2,True,2025-06-30
player_005,hardcore,20,24.0,1,True,2025-07-07
player_005,hardcore,1,80.0,1,True,2025-07-06
player_005,hardcore,22,86.0,2,True,2025-07-15
player_005,hardcore,15,49.0,1,True,2025-07-23
player_005,hardcore,4,36.0,2,True,2025-07-22
player_005,hardcore,11,61.0,1,True,2025-07-17
player_005,hardcore,9,,1,False,2025-07-20
player_005,hardcore,14,40.0,1,True,2025-07-10
player_006,casual,21,50.0,2,True,2025-07-04
player_006,casual,19,26.0,1,True,2025-07-20
player_006,casual,16,25.0,2,True,2025-07-27
player_006,casual,13,39.0,2,True,2025-07-19
player_006,casual,12,22.0,2,True,2025-07-14
player_006,casual,3,77.0,2,True,2025-07-09
player_006,casual,10,78.0,2,True,2025-07-07
player_006,casual,22,59.0,1,True,2025-07-25
player_006,casual,8,22.0,2,True,2025-07-10
player_006,casual,27,,2,False,2025-07-18
player_006,casual,5,71.0,3,True,2025-07-18
player_006,casual,1,39.0,2,True,2025-07-12
player_007,casual,27,,3,False,2025-07-12
player_007,casual,26,73.0,3,True,2025-07-26
player_007,casual,4,69.0,2,True,2025-07-14
player_007,casual,18,87.0,1,True,2025-07-16
player_007,casual,25,,2,False,2025-07-24
player_007,casual,16,,4,False,2025-07-16
player_008,casual,14,81.0,3,True,2025-07-27
player_008,casual,18,47.0,2,True,2025-06-30
player_008,casual,0,37.0,1,True,2025-07-07
player_008,casual,1,,3,False,2025-07-19
player_008,casual,15,71.0,3,True,2025-07-29
player_008,casual,13,85.0,2,True,2025-07-14
player_008,casual,16,44.0,1,True,2025-07-27
player_008,casual,11,29.0,4,True,2025-07-22
player_008,casual,20,55.0,2,True,2025-07-02
player_008,casual,24,47.0,1,True,2025-07-25
player_009,hardcore,7,69.0,1,True,2025-07-26
player_009,hardcore,13,71.0,1,True,2025-06-30
player_009,hardcore,6,50.0,1,True,2025-07-05
player_009,hardcore,24,46.0,1,True,2025-07-21
player_009,hardcore,20,,1,False,2025-07-10
player_009,hardcore,16,23.0,1,True,2025-07-18
player_009,hardcore,23,21.0,1,True,2025-06-29
player_009,hardcore,15,35.0,1,True,2025-07-21
player_009,hardcore,11,71.0,1,True,2025-07-05
player_009,hardcore,1,82.0,2,True,2025-07-19
player_009,hardcore,12,31.0,2,True,2025-07-18
player_009,hardcore,3,76.0,2,True,2025-07-22
player_009,hardcore,0,62.0,1,True,2025-07-20
player_009,hardcore,5,26.0,2,True,2025-07-17
player_010,casual,25,57.0,3,True,2025-07-25
player_010,casual,3,59.0,2,True,2025-06-30
player_010,casual,23,73.0,4,True,2025-07-02
player_010,casual,18,54.0,3,True,2025-06-29
player_010,casual,20,21.0,2,True,2025-07-15
player_010,casual,26,45.0,2,True,2025-07-28
player_010,casual,19,36.0,4,True,2025-07-07
player_010,casual,9,67.0,4,True,2025-07-12
player_010,casual,1,,3,False,2025-07-10
player_011,hardcore,10,50.0,1,True,2025-07-29
player_011,hardcore,0,30.0,2,True,2025-07-26
player_011,hardcore,24,83.0,1,True,2025-07-08
player_011,hardcore,16,54.0,1,True,2025-07-03
player_011,hardcore,9,83.0,1,True,2025-07-23
player_011,hardcore,13,79.0,1,True,2025-07-06
player_011,hardcore,3,55.0,1,True,2025-07-07
player_011,hardcore,8,27.0,1,True,2025-07-08
player_011,hardcore,25,71.0,1,True,2025-07-24
player_011,hardcore,29,60.0,2,True,2025-07-10
player_011,hardcore,5,32.0,1,True,2025-07-26
player_011,hardcore,23,,1,False,2025-07-19
player_011,hardcore,17,31.0,1,True,2025-07-14
player_012,regular,15,21.0,3,True,2025-07-25
player_012,regular,11,,2,False,2025-07-13
player_012,regular,3,22.0,2,True,2025-07-08
player_012,regular,6,90.0,3,True,2025-07-02
player_012,regular,19,47.0,1,True,2025-07-07
player_013,regular,7,70.0,1,True,2025-07-13
player_013,regular,28,76.0,3,True,2025-07-12
player_013,regular,24,67.0,1,True,2025-07-04
player_013,regular,3,30.0,1,True,2025-07-21
player_013,regular,25,78.0,3,True,2025-07-22
player_013,regular,9,81.0,1,True,2025-07-13
player_013,regular,0,85.0,3,True,2025-07-02
player_013,regular,11,72.0,2,True,2025-07-26
player_013,regular,22,78.0,2,True,2025-07-09
player_013,regular,2,46.0,3,True,2025-07-22
player_013,regular,23,86.0,1,True,2025-07-12
player_013,regular,1,44.0,3,True,2025-07-28
player_013,regular,18,38.0,1,True,2025-07-06
player_014,casual,6,64.0,2,True,2025-07-26
player_014,casual,20,82.0,3,True,2025-07-26
player_014,casual,1,63.0,1,True,2025-07-20
player_014,casual,21,60.0,4,True,2025-07-09
player_014,casual,11,51.0,2,True,2025-06-30
player_014,casual,5,,3,False,2025-07-28
player_015,hardcore,12,31.0,2,True,2025-07-12
player_015,hardcore,20,41.0,1,True,2025-07-18
player_015,hardcore,29,43.0,1,True,2025-07-26
player_015,hardcore,24,36.0,1,True,2025-07-26
player_015,hardcore,7,25.0,2,True,2025-07-08
player_015,hardcore,18,32.0,1,True,2025-07-06
player_015,hardcore,22,,2,False,2025-07-23
player_015,hardcore,25,81.0,1,True,2025-07-09
player_016,hardcore,4,66.0,1,True,2025-07-02
player_016,hardcore,13,,2,False,2025-07-23
player_016,hardcore,18,44.0,1,True,2025-07-01
player_016,hardcore,2,67.0,1,True,2025-07-14
player_016,hardcore,14,66.0,2,True,2025-06-29
player_017,casual,26,84.0,3,True,2025-07-28
player_017,casual,5,90.0,4,True,2025-07-26
player_017,casual,12,76.0,2,True,2025-07-28
player_017,casual,28,68.0,4,True,2025-07-11
player_017,casual,18,43.0,2,True,2025-07-17
player_017,casual,14,85.0,4,True,2025-07-22
player_017,casual,2,81.0,2,True,2025-07-21
player_017,casual,10,,3,False,2025-07-13
player_017,casual,27,24.0,1,True,2025-07-02
player_017,casual,4,68.0,2,True,2025-07-03
player_017,casual,23,22.0,3,True,2025-07-07
player_017,casual,24,68.0,3,True,2025-07-22
player_018,hardcore,18,86.0,1,True,2025-07-28
player_018,hardcore,20,56.0,2,True,2025-07-05
player_018,hardcore,19,44.0,1,True,2025-07-03
player_018,hardcore,23,32.0,1,True,2025-07-19
player_018,hardcore,16,,1,False,2025-07-08
player_018,hardcore,14,49.0,2,True,2025-07-01
player_018,hardcore,27,26.0,2,True,2025-07-20
player_018,hardcore,26,54.0,1,True,2025-07-23
player_018,hardcore,13,25.0,1,True,2025-07-14
player_018,hardcore,10,,1,False,2025-07-17
player_018,hardcore,21,90.0,2,True,2025-07-13
player_018,hardcore,25,72.0,1,True,2025-07-21
player_018,hardcore,5,47.0,1,True,2025-07-28
player_018,hardcore,17,51.0,1,True,2025-07-14
player_018,hardcore,7,84.0,2,True,2025-07-18
player_019,hardcore,12,87.0,2,True,2025-07-20
player_019,hardcore,17,,1,False,2025-07-15
player_019,hardcore,29,84.0,2,True,2025-07-20
player_019,hardcore,28,24.0,1,True,2025-07-01
player_019,hardcore,5,20.0,1,True,2025-07-26
player_019,hardcore,4,,1,False,2025-07-18
player_019,hardcore,13,51.0,1,True,2025-07-02
player_019,hardcore,8,72.0,1,True,2025-06-30
player_019,hardcore,14,22.0,1,True,2025-07-08
player_019,hardcore,23,47.0,1,True,2025-07-21
player_020,regular,1,54.0,1,True,2025-07-06
player_020,regular,7,39.0,1,True,2025-07-18
player_020,regular,3,,1,False,2025-07-21
player_020,regular,20,,2,False,2025-07-07
player_020,regular,15,65.0,3,True,2025-07-03
player_020,regular,11,69.0,3,True,2025-07-27
player_020,regular,21,65.0,2,True,2025-07-22
player_020,regular,23,56.0,3,True,2025-06-30
player_020,regular,6,44.0,1,True,2025-07-25
player_020,regular,26,21.0,1,True,2025-07-15
player_020,regular,18,52.0,3,True,2025-07-21
player_020,regular,29,87.0,2,True,2025-07-13
player_020,regular,16,46.0,2,True,2025-07-09
player_020,regular,24,,3,False,2025-07-12
player_020,regular,17,,2,False,2025-07-16
player_021,casual,15,,3,False,2025-07-21
player_021,casual,13,60.0,2,True,2025-07-11
player_021,casual,10,22.0,3,True,2025-07-07
player_021,casual,19,51.0,1,True,2025-07-24
player_021,casual,23,75.0,2,True,2025-07-22
player_021,casual,7,27.0,4,True,2025-07-07
player_021,casual,9,37.0,2,True,2025-07-22
player_021,casual,8,80.0,4,True,2025-07-21
player_021,casual,17,67.0,4,True,2025-07-16
player_021,casual,0,78.0,3,True,2025-07-18
player_021,casual,4,39.0,2,True,2025-07-08
player_021,casual,5,67.0,3,True,2025-07-01
player_021,casual,14,,3,False,2025-07-29
player_022,regular,25,69.0,2,True,2025-07-24
player_022,regular,22,65.0,3,True,2025-07-20
player_022,regular,29,32.0,3,True,2025-07-10
player_022,regular,19,89.0,2,True,2025-07-29
player_022,regular,2,,3,False,2025-07-16
player_022,regular,1,87.0,1,True,2025-06-29
player_022,regular,16,,2,False,2025-07-25
player_023,hardcore,10,,1,False,2025-07-14
player_023,hardcore,13,46.0,1,True,2025-07-02
player_023,hardcore,18,,2,False,2025-07-22
player_023,hardcore,27,90.0,1,True,2025-07-01
player_023,hardcore,8,,1,False,2025-07-14
player_023,hardcore,15,45.0,1,True,2025-06-30
player_023,hardcore,14,89.0,1,True,2025-07-08
player_023,hardcore,2,20.0,1,True,2025-07-03
player_023,hardcore,9,,1,False,2025-07-12
player_023,hardcore,7,40.0,1,True,2025-07-20
player_023,hardcore,28,88.0,2,True,2025-07-29
player_023,hardcore,6,57.0,1,True,2025-07-12
player_023,hardcore,25,73.0,1,True,2025-07-16
player_023,hardcore,11,,1,False,2025-07-18
player_023,hardcore,29,31.0,1,True,2025-07-25
player_024,regular,13,57.0,1,True,2025-07-06
player_024,regular,11,34.0,1,True,2025-07-28
player_024,regular,1,,3,False,2025-07-16
player_024,regular,6,,3,False,2025-07-19
player_024,regular,5,,1,False,2025-07-09
player_024,regular,19,44.0,3,True,2025-07-03
player_024,regular,8,89.0,1,True,2025-07-12
player_024,regular,9,29.0,1,True,2025-07-11
player_024,regular,0,78.0,2,True,2025-07-05
player_024,regular,14,42.0,3,True,2025-07-09
player_024,regular,23,32.0,1,True,2025-07-23
player_025,regular,14,63.0,1,True,2025-06-30
player_025,regular,9,40.0,1,True,2025-07-03
player_025,regular,0,82.0,2,True,2025-07-11
player_025,regular,27,87.0,1,True,2025-07-03
player_025,regular,2,82.0,2,True,2025-07-24
player_025,regular,28,89.0,2,True,2025-07-13
player_026,regular,9,29.0,3,True,2025-07-11
player_026,regular,11,,2,False,2025-07-12
player_026,regular,17,55.0,1,True,2025-07-03
player_026,regular,23,37.0,2,True,2025-07-11
player_026,regular,12,46.0,2,True,2025-07-21
player_026,regular,13,,1,False,2025-07-20
player_026,regular,4,40.0,2,True,2025-07-11
player_026,regular,14,55.0,3,True,2025-07-24
player_026,regular,18,66.0,1,True,2025-07-24
player_026,regular,29,,2,False,2025-07-15
player_026,regular,5,33.0,2,True,2025-06-30
player_026,regular,20,23.0,1,True,2025-07-01
player_026,regular,16,54.0,2,True,2025-07-16
player_026,regular,8,,2,False,2025-07-03
player_027,casual,17,,2,False,2025-07-09
player_027,casual,13,79.0,1,True,2025-07-08
player_027,casual,21,,3,False,2025-07-14
player_027,casual,0,25.0,3,True,2025-07-10
player_027,casual,5,,4,False,2025-06-29
player_027,casual,2,72.0,2,True,2025-07-19
player_027,casual,29,58.0,3,True,2025-06-29
player_027,casual,28,45.0,3,True,2025-07-29
player_027,casual,22,74.0,3,True,2025-07-12
player_027,casual,12,67.0,1,True,2025-07-03
player_028,regular,27,76.0,2,True,2025-07-10
player_028,regular,19,26.0,1,True,2025-07-22
player_028,regular,21,82.0,2,True,2025-07-16
player_028,regular,17,49.0,1,True,2025-07-08
player_028,regular,10,80.0,2,True,2025-07-02
player_028,regular,26,62.0,2,True,2025-07-07
player_028,regular,25,88.0,2,True,2025-07-10
player_028,regular,3,76.0,3,True,2025-07-17
player_028,regular,24,,3,False,2025-07-07
player_028,regular,8,45.0,1,True,2025-07-17
player_028,regular,1,,1,False,2025-07-13
player_028,regular,0,32.0,3,True,2025-07-14
player_028,regular,18,71.0,2,True,2025-07-22
player_029,hardcore,25,53.0,2,True,2025-07-15
player_029,hardcore,10,49.0,1,True,2025-07-22
player_029,hardcore,22,77.0,1,True,2025-06-30
player_029,hardcore,3,83.0,1,True,2025-07-08
player_029,hardcore,9,81.0,2,True,2025-07-29
player_030,casual,9,41.0,3,True,2025-07-02
player_030,casual,23,57.0,1,True,2025-07-25
player_030,casual,1,83.0,2,True,2025-07-01
player_030,casual,0,87.0,3,True,2025-07-06
player_030,casual,11,68.0,1,True,2025-07-04
player_030,casual,8,32.0,1,True,2025-07-21
player_030,casual,25,56.0,2,True,2025-07-15
player_030,casual,6,61.0,3,True,2025-07-15
player_031,hardcore,9,72.0,2,True,2025-07-28
player_031,hardcore,12,24.0,1,True,2025-07-01
player_031,hardcore,5,87.0,2,True,2025-07-24
player_031,hardcore,25,,1,False,2025-07-17
player_031,hardcore,28,30.0,2,True,2025-07-17
player_031,hardcore,8,64.0,2,True,2025-07-07
player_032,casual,6,25.0,3,True,2025-07-20
player_032,casual,22,79.0,3,True,2025-07-11
player_032,casual,5,35.0,4,True,2025-07-13
player_032,casual,27,69.0,3,True,2025-07-17
player_032,casual,11,50.0,2,True,2025-07-25
player_032,casual,16,58.0,2,True,2025-07-15
player_032,casual,25,86.0,2,True,2025-07-18
player_032,casual,4,45.0,4,True,2025-06-30
player_032,casual,0,90.0,4,True,2025-07-23
player_032,casual,1,28.0,3,True,2025-07-02
player_032,casual,7,,3,False,2025-07-08
player_032,casual,3,30.0,2,True,2025-07-12
player_033,hardcore,6,,2,False,2025-07-15
player_033,hardcore,0,24.0,2,True,2025-07-05
player_033,hardcore,17,24.0,1,True,2025-07-16
player_033,hardcore,12,,1,False,2025-06-30
player_033,hardcore,24,39.0,2,True,2025-07-12
player_033,hardcore,16,43.0,1,True,2025-07-09
player_033,hardcore,20,20.0,1,True,2025-07-02
player_033,hardcore,4,63.0,1,True,2025-07-20
player_033,hardcore,13,36.0,1,True,2025-07-28
player_033,hardcore,25,,1,False,2025-07-19
player_034,hardcore,20,26.0,1,True,2025-07-16
player_034,hardcore,22,31.0,1,True,2025-07-28
player_034,hardcore,26,89.0,1,True,2025-07-03
player_034,hardcore,13,44.0,2,True,2025-07-02
player_034,hardcore,28,86.0,1,True,2025-07-21
player_034,hardcore,12,28.0,2,True,2025-07-17
player_034,hardcore,16,62.0,2,True,2025-07-11
player_035,hardcore,7,21.0,1,True,2025-07-07
player_035,hardcore,18,62.0,2,True,2025-07-22
player_035,hardcore,11,37.0,1,True,2025-07-03
player_035,hardcore,23,66.0,1,True,2025-07-16
player_035,hardcore,14,26.0,1,True,2025-07-23
player_035,hardcore,26,41.0,1,True,2025-07-22
player_035,hardcore,6,,2,False,2025-07-27
player_035,hardcore,2,90.0,2,True,2025-07-06
player_035,hardcore,28,,1,False,2025-07-07
player_035,hardcore,10,77.0,1,True,2025-07-27
player_035,hardcore,17,54.0,2,True,2025-07-14
player_035,hardcore,12,73.0,2,True,2025-07-18
player_035,hardcore,24,,1,False,2025-07-24
player_035,hardcore,16,46.0,1,True,2025-07-05
player_036,casual,28,74.0,3,True,2025-07-29
player_036,casual,10,72.0,2,True,2025-07-03
player_036,casual,3,65.0,1,True,2025-07-28
player_036,casual,19,48.0,3,True,2025-07-13
player_036,casual,7,85.0,3,True,2025-07-23
player_036,casual,25,61.0,3,True,2025-07-24
player_036,casual,22,40.0,2,True,2025-07-29
player_036,casual,17,86.0,2,True,2025-07-07
player_036,casual,1,79.0,2,True,2025-07-26
player_036,casual,6,30.0,1,True,2025-06-29
player_036,casual,20,26.0,2,True,2025-07-10
player_036,casual,0,32.0,2,True,2025-07-02
player_037,regular,16,81.0,3,True,2025-07-09
player_037,regular,25,71.0,2,True,2025-07-26
player_037,regular,19,47.0,2,True,2025-07-05
player_037,regular,0,63.0,1,True,2025-07-06
player_037,regular,14,50.0,1,True,2025-07-17
player_037,regular,6,52.0,1,True,2025-07-05
player_037,regular,12,77.0,1,True,2025-07-26
player_037,regular,10,38.0,1,True,2025-07-28
player_037,regular,15,60.0,1,True,2025-07-10
player_037,regular,1,48.0,1,True,2025-07-17
player_037,regular,7,36.0,3,True,2025-07-29
player_037,regular,3,,1,False,2025-07-22
player_037,regular,28,68.0,3,True,2025-06-30
player_037,regular,2,22.0,2,True,2025-07-01
player_037,regular,29,,1,False,2025-07-25
player_038,hardcore,9,,2,False,2025-07-06
player_038,hardcore,12,32.0,2,True,2025-07-10
player_038,hardcore,11,74.0,2,True,2025-07-10
player_038,hardcore,8,,1,False,2025-07-01
player_038,hardcore,5,25.0,1,True,2025-07-08
player_038,hardcore,24,23.0,1,True,2025-07-04
player_039,regular,12,37.0,2,True,2025-07-11
player_039,regular,25,63.0,3,True,2025-06-30
player_039,regular,6,,1,False,2025-07-09
player_039,regular,1,76.0,1,True,2025-07-26
player_039,regular,29,24.0,3,True,2025-07-06
player_039,regular,0,64.0,2,True,2025-07-13
player_039,regular,21,72.0,2,True,2025-07-16
player_039,regular,8,65.0,3,True,2025-07-18
player_039,regular,14,86.0,1,True,2025-07-07
player_039,regular,9,82.0,1,True,2025-06-30
player_039,regular,11,,2,False,2025-07-11
player_039,regular,5,30.0,1,True,2025-07-27
player_039,regular,23,40.0,1,True,2025-07-21
player_039,regular,10,,1,False,2025-07-23
player_040,regular,10,33.0,1,True,2025-07-21
player_040,regular,23,39.0,3,True,2025-07-22
player_040,regular,5,53.0,2,True,2025-07-20
player_040,regular,21,34.0,3,True,2025-06-29
player_040,regular,22,45.0,1,True,2025-07-28
player_040,regular,24,61.0,2,True,2025-06-30
player_040,regular,14,79.0,2,True,2025-07-11
player_040,regular,12,69.0,3,True,2025-07-23
player_040,regular,26,33.0,1,True,2025-07-04
player_040,regular,4,76.0,2,True,2025-07-04
player_041,hardcore,9,,1,False,2025-07-23
player_041,hardcore,17,39.0,1,True,2025-07-26
player_041,hardcore,21,56.0,1,True,2025-07-19
player_041,hardcore,8,42.0,2,True,2025-07-22
player_041,hardcore,13,83.0,2,True,2025-07-16
player_041,hardcore,18,36.0,1,True,2025-07-10
player_041,hardcore,4,64.0,1,True,2025-07-14
player_041,hardcore,19,29.0,1,True,2025-07-01
player_041,hardcore,24,37.0,2,True,2025-06-29
player_041,hardcore,20,42.0,1,True,2025-07-19
player_041,hardcore,14,22.0,2,True,2025-07-24
player_041,hardcore,5,64.0,1,True,2025-07-15
player_041,hardcore,11,,1,False,2025-07-23
player_041,hardcore,23,44.0,1,True,2025-07-24
player_041,hardcore,6,,1,False,2025-07-13
player_042,regular,7,63.0,2,True,2025-07-04
player_042,regular,3,,3,False,2025-07-04
player_042,regular,1,,2,False,2025-07-02
player_042,regular,0,52.0,2,True,2025-07-28
player_042,regular,6,53.0,2,True,2025-07-26
player_042,regular,21,,1,False,2025-07-11
player_042,regular,18,72.0,1,True,2025-07-08
player_042,regular,23,,3,False,2025-07-29
player_042,regular,15,49.0,2,True,2025-07-03
player_042,regular,24,73.0,2,True,2025-07-02
player_042,regular,5,38.0,1,True,2025-07-21
player_042,regular,22,59.0,3,True,2025-07-16
player_042,regular,26,72.0,1,True,2025-07-10
player_042,regular,16,66.0,3,True,2025-07-03
player_043,hardcore,27,31.0,1,True,2025-07-27
player_043,hardcore,18,30.0,1,True,2025-07-03
player_043,hardcore,21,,1,False,2025-07-19
player_043,hardcore,12,49.0,1,True,2025-07-23
player_043,hardcore,19,,1,False,2025-07-26
player_043,hardcore,24,62.0,1,True,2025-07-08
player_043,hardcore,13,,2,False,2025-07-26
player_043,hardcore,11,,1,False,2025-07-09
player_043,hardcore,14,,2,False,2025-07-17
player_044,hardcore,15,59.0,1,True,2025-07-21
player_044,hardcore,8,,1,False,2025-07-25
player_044,hardcore,0,63.0,1,True,2025-07-18
player_044,hardcore,6,72.0,1,True,2025-07-25
player_044,hardcore,4,59.0,2,True,2025-07-09
player_044,hardcore,20,43.0,2,True,2025-07-09
player_044,hardcore,21,24.0,2,True,2025-07-01
player_044,hardcore,3,64.0,2,True,2025-07-07
player_044,hardcore,10,65.0,1,True,2025-07-25
player_045,hardcore,27,75.0,1,True,2025-07-16
player_045,hardcore,0,23.0,1,True,2025-07-25
player_045,hardcore,9,43.0,1,True,2025-07-19
player_045,hardcore,12,28.0,1,True,2025-07-26
player_045,hardcore,29,27.0,1,True,2025-07-24
player_045,hardcore,11,70.0,1,True,2025-07-22
player_045,hardcore,1,47.0,2,True,2025-07-17
player_045,hardcore,25,50.0,2,True,2025-07-13
player_045,hardcore,14,38.0,1,True,2025-07-12
player_045,hardcore,4,90.0,1,True,2025-07-15
player_045,hardcore,7,80.0,1,True,2025-07-22
player_046,hardcore,15,65.0,2,True,2025-07-24
player_046,hardcore,3,56.0,1,True,2025-07-06
player_046,hardcore,17,29.0,1,True,2025-07-11
player_046,hardcore,27,77.0,2,True,2025-07-22
player_046,hardcore,10,20.0,1,True,2025-07-17
player_046,hardcore,24,65.0,2,True,2025-07-01
player_046,hardcore,18,28.0,1,True,2025-07-09
player_046,hardcore,20,26.0,2,True,2025-07-20
player_047,hardcore,12,83.0,1,True,2025-07-03
player_047,hardcore,14,31.0,1,True,2025-07-21
player_047,hardcore,16,29.0,1,True,2025-07-24
player_047,hardcore,13,73.0,1,True,2025-07-13
player_047,hardcore,18,48.0,1,True,2025-07-22
player_047,hardcore,10,72.0,1,True,2025-07-17
player_047,hardcore,25,56.0,2,True,2025-07-29
player_047,hardcore,1,81.0,2,True,2025-06-30
player_047,hardcore,2,25.0,1,True,2025-07-29
player_047,hardcore,6,29.0,1,True,2025-07-11
player_047,hardcore,17,35.0,1,True,2025-07-27
player_047,hardcore,28,66.0,1,True,2025-07-21
player_047,hardcore,19,46.0,1,True,2025-07-16
player_048,hardcore,21,34.0,1,True,2025-07-11
player_048,hardcore,12,74.0,2,True,2025-07-02
player_048,hardcore,5,59.0,1,True,2025-06-30
player_048,hardcore,15,24.0,2,True,2025-07-26
player_048,hardcore,4,57.0,1,True,2025-07-19
player_048,hardcore,17,33.0,1,True,2025-07-23
player_048,hardcore,28,59.0,1,True,2025-07-05
player_048,hardcore,3,,1,False,2025-07-01
player_049,regular,25,47.0,3,True,2025-07-05
player_049,regular,18,38.0,2,True,2025-07-16
player_049,regular,21,51.0,2,True,2025-06-30
player_049,regular,15,78.0,2,True,2025-07-22
player_049,regular,26,70.0,1,True,2025-07-03
player_049,regular,17,57.0,3,True,2025-07-01
player_050,casual,25,46.0,3,True,2025-07-28
player_050,casual,15,22.0,3,True,2025-07-17
player_050,casual,0,88.0,2,True,2025-07-05
player_050,casual,2,86.0,2,True,2025-07-18
player_050,casual,11,90.0,3,True,2025-07-13
player_050,casual,20,43.0,2,True,2025-07-26
player_050,casual,5,36.0,1,True,2025-07-07
player_051,casual,14,43.0,1,True,2025-07-20
player_051,casual,29,,2,False,2025-07-26
player_051,casual,19,83.0,3,True,2025-07-23
player_051,casual,22,63.0,3,True,2025-07-18
player_051,casual,27,23.0,1,True,2025-07-13
player_051,casual,21,89.0,3,True,2025-07-20
player_051,casual,18,27.0,4,True,2025-07-18
player_052,casual,15,40.0,2,True,2025-07-18
player_052,casual,19,,1,False,2025-07-13
player_052,casual,28,43.0,2,True,2025-07-20
player_052,casual,3,74.0,3,True,2025-07-19
player_052,casual,4,30.0,3,True,2025-07-17
player_052,casual,27,84.0,3,True,2025-07-04
player_052,casual,26,53.0,1,True,2025-07-20
player_052,casual,7,46.0,2,True,2025-07-19
player_053,casual,2,32.0,2,True,2025-07-12
player_053,casual,18,36.0,2,True,2025-07-18
player_053,casual,15,76.0,2,True,2025-07-24
player_053,casual,29,,3,False,2025-07-26
player_053,casual,20,49.0,2,True,2025-07-26
player_053,casual,28,43.0,2,True,2025-07-24
player_053,casual,17,25.0,2,True,2025-07-06
player_053,casual,6,,4,False,2025-07-16
player_053,casual,19,74.0,3,True,2025-07-17
player_053,casual,16,79.0,3,True,2025-07-18
player_053,casual,25,27.0,2,True,2025-07-05
player_053,casual,22,55.0,2,True,2025-07-15
player_053,casual,12,38.0,1,True,2025-07-21
player_054,regular,11,,1,False,2025-07-10
player_054,regular,19,54.0,2,True,2025-07-22
player_054,regular,18,87.0,2,True,2025-07-24
player_054,regular,20,78.0,3,True,2025-07-18
player_054,regular,8,86.0,2,True,2025-07-05
player_054,regular,24,24.0,1,True,2025-07-17
player_054,regular,14,31.0,2,True,2025-07-26
player_054,regular,15,26.0,2,True,2025-07-21
player_054,regular,21,,2,False,2025-07-08
player_054,regular,5,51.0,1,True,2025-07-02
player_054,regular,28,48.0,2,True,2025-07-07
player_054,regular,3,24.0,3,True,2025-07-25
player_055,regular,19,49.0,1,True,2025-07-06
player_055,regular,28,54.0,1,True,2025-07-23
player_055,regular,1,60.0,1,True,2025-07-26
player_055,regular,7,35.0,3,True,2025-07-21
player_055,regular,29,26.0,3,True,2025-07-28
player_056,regular,12,,3,False,2025-07-19
player_056,regular,1,,2,False,2025-07-02
player_056,regular,11,25.0,3,True,2025-07-05
player_056,regular,10,31.0,3,True,2025-07-05
player_056,regular,15,52.0,1,True,2025-07-04
player_056,regular,28,,1,False,2025-07-27
player_056,regular,2,27.0,2,True,2025-07-17
player_056,regular,26,36.0,2,True,2025-07-24
player_056,regular,23,67.0,2,True,2025-07-21
player_056,regular,19,22.0,2,True,2025-07-18
player_056,regular,24,89.0,2,True,2025-07-11
player_056,regular,16,30.0,1,True,2025-07-21
player_056,regular,14,78.0,3,True,2025-07-22
player_056,regular,7,76.0,2,True,2025-07-29
player_057,hardcore,3,71.0,1,True,2025-07-17
player_057,hardcore,24,66.0,1,True,2025-07-19
player_057,hardcore,25,,2,False,2025-07-22
player_057,hardcore,14,42.0,2,True,2025-07-21
player_057,hardcore,11,,1,False,2025-06-30
player_057,hardcore,16,90.0,1,True,2025-06-29
player_057,hardcore,2,74.0,2,True,2025-07-29
player_057,hardcore,10,44.0,2,True,2025-07-25
player_057,hardcore,28,59.0,1,True,2025-07-26
player_058,casual,5,27.0,2,True,2025-07-10
player_058,casual,29,77.0,2,True,2025-07-28
player_058,casual,25,,1,False,2025-07-26
player_058,casual,13,39.0,2,True,2025-07-06
player_058,casual,10,76.0,2,True,2025-07-06
player_058,casual,15,83.0,3,True,2025-07-11
player_058,casual,14,75.0,3,True,2025-07-23
player_058,casual,20,38.0,1,True,2025-07-07
player_058,casual,17,73.0,4,True,2025-07-06
player_058,casual,19,23.0,3,True,2025-07-12
player_058,casual,26,31.0,2,True,2025-07-28
player_058,casual,23,69.0,2,True,2025-07-02
player_058,casual,18,51.0,2,True,2025-07-23
player_058,casual,12,,3,False,2025-07-12
player_059,hardcore,9,85.0,1,True,2025-07-17
player_059,hardcore,29,57.0,2,True,2025-07-19
player_059,hardcore,18,59.0,1,True,2025-07-19
player_059,hardcore,10,49.0,2,True,2025-07-03
player_059,hardcore,16,57.0,2,True,2025-07-03
player_059,hardcore,6,85.0,2,True,2025-06-29
player_059,hardcore,5,78.0,2,True,2025-07-05
player_059,hardcore,1,37.0,1,True,2025-07-10
player_059,hardcore,3,56.0,2,True,2025-07-09
player_059,hardcore,26,,1,False,2025-07-05
player_059,hardcore,23,90.0,2,True,2025-07-15
player_060,hardcore,9,31.0,1,True,2025-07-06
player_060,hardcore,25,85.0,1,True,2025-07-18
player_060,hardcore,14,85.0,2,True,2025-07-15
player_060,hardcore,29,66.0,1,True,2025-07-06
player_060,hardcore,15,72.0,1,True,2025-07-25
player_060,hardcore,8,57.0,2,True,2025-07-07
player_060,hardcore,2,,2,False,2025-07-05
player_060,hardcore,4,47.0,2,True,2025-07-12
player_060,hardcore,5,44.0,2,True,2025-07-29
player_060,hardcore,13,89.0,1,True,2025-07-19
player_061,casual,5,90.0,3,True,2025-07-13
player_061,casual,28,78.0,4,True,2025-07-18
player_061,casual,7,69.0,3,True,2025-07-16
player_061,casual,25,24.0,3,True,2025-07-04
player_061,casual,4,32.0,3,True,2025-07-04
player_061,casual,24,21.0,3,True,2025-07-11
player_061,casual,22,83.0,2,True,2025-07-19
player_061,casual,8,65.0,2,True,2025-07-28
player_061,casual,15,53.0,2,True,2025-07-11
player_061,casual,11,52.0,2,True,2025-07-25
player_061,casual,23,46.0,2,True,2025-07-10
player_061,casual,13,64.0,2,True,2025-07-22
player_062,hardcore,10,65.0,2,True,2025-07-22
player_062,hardcore,22,88.0,1,True,2025-07-21
player_062,hardcore,8,25.0,1,True,2025-07-26
player_062,hardcore,13,45.0,1,True,2025-07-21
player_062,hardcore,19,89.0,2,True,2025-07-10
player_062,hardcore,7,59.0,1,True,2025-07-16
player_062,hardcore,14,42.0,1,True,2025-07-14
player_062,hardcore,27,82.0,1,True,2025-07-28
player_062,hardcore,18,47.0,1,True,2025-07-15
player_062,hardcore,11,65.0,1,True,2025-07-01
player_062,hardcore,4,75.0,1,True,2025-07-11
player_063,regular,23,,1,False,2025-07-21
player_063,regular,21,23.0,1,True,2025-07-04
player_063,regular,8,33.0,1,True,2025-07-29
player_063,regular,15,,1,False,2025-07-05
player_063,regular,0,39.0,2,True,2025-07-11
player_063,regular,12,28.0,3,True,2025-07-29
player_063,regular,6,42.0,1,True,2025-07-09
player_064,casual,19,47.0,4,True,2025-07-24
player_064,casual,4,55.0,2,True,2025-07-26
player_064,casual,25,35.0,4,True,2025-07-17
player_064,casual,24,82.0,1,True,2025-07-05
player_064,casual,28,29.0,2,True,2025-07-20
player_064,casual,14,53.0,4,True,2025-06-30
player_064,casual,0,48.0,3,True,2025-07-29
player_064,casual,15,57.0,2,True,2025-07-15
player_064,casual,18,25.0,2,True,2025-07-11
player_065,casual,8,45.0,1,True,2025-07-25
player_065,casual,2,45.0,1,True,2025-07-02
player_065,casual,17,31.0,3,True,2025-07-19
player_065,casual,9,30.0,4,True,2025-07-04
player_065,casual,1,37.0,2,True,2025-07-11
player_065,casual,0,46.0,2,True,2025-07-27
player_065,casual,26,44.0,3,True,2025-07-14
player_065,casual,25,42.0,3,True,2025-07-04
player_066,hardcore,0,27.0,2,True,2025-07-03
player_066,hardcore,25,23.0,2,True,2025-07-14
player_066,hardcore,16,20.0,1,True,2025-06-30
player_066,hardcore,23,21.0,1,True,2025-07-14
player_066,hardcore,27,,1,False,2025-07-28
player_066,hardcore,9,,2,False,2025-07-03
player_066,hardcore,11,51.0,1,True,2025-07-05
player_066,hardcore,3,64.0,1,True,2025-07-22
player_066,hardcore,17,65.0,1,True,2025-07-09
player_067,regular,19,87.0,1,True,2025-07-09
player_067,regular,6,55.0,3,True,2025-07-25
player_067,regular,3,87.0,1,True,2025-07-02
player_067,regular,29,49.0,2,True,2025-07-05
player_067,regular,9,48.0,2,True,2025-07-29
player_067,regular,0,55.0,3,True,2025-07-23
player_067,regular,5,65.0,1,True,2025-07-14
player_067,regular,8,20.0,3,True,2025-07-24
player_067,regular,28,56.0,2,True,2025-07-29
player_067,regular,21,,3,False,2025-07-13
player_067,regular,1,50.0,1,True,2025-07-13
player_067,regular,26,63.0,3,True,2025-07-08
player_067,regular,25,24.0,1,True,2025-07-29
player_067,regular,20,26.0,1,True,2025-07-02
player_068,regular,0,68.0,2,True,2025-07-06
player_068,regular,29,81.0,2,True,2025-07-24
player_068,regular,7,,2,False,2025-07-17
player_068,regular,1,89.0,2,True,2025-07-23
player_068,regular,9,48.0,2,True,2025-07-19
player_068,regular,19,39.0,1,True,2025-07-27
player_068,regular,25,55.0,3,True,2025-07-17
player_068,regular,13,81.0,2,True,2025-07-06
player_069,casual,7,81.0,2,True,2025-06-29
player_069,casual,28,74.0,4,True,2025-07-05
player_069,casual,25,50.0,1,True,2025-07-04
player_069,casual,8,50.0,3,True,2025-07-13
player_069,casual,20,52.0,1,True,2025-07-10
player_069,casual,15,77.0,2,True,2025-07-29
player_069,casual,16,53.0,2,True,2025-07-20
player_069,casual,27,,2,False,2025-07-28
player_069,casual,17,31.0,1,True,2025-07-10
player_069,casual,13,46.0,3,True,2025-07-26
player_069,casual,4,76.0,2,True,2025-07-13
player_070,hardcore,22,67.0,1,True,2025-06-29
player_070,hardcore,28,61.0,2,True,2025-07-21
player_070,hardcore,0,20.0,1,True,2025-07-15
player_070,hardcore,14,35.0,1,True,2025-07-08
player_070,hardcore,7,52.0,1,True,2025-07-14
player_070,hardcore,29,,2,False,2025-07-18
player_070,hardcore,10,73.0,2,True,2025-07-24
player_070,hardcore,2,35.0,2,True,2025-07-13
player_070,hardcore,26,66.0,2,True,2025-07-01
player_070,hardcore,13,64.0,1,True,2025-07-26
player_070,hardcore,17,83.0,1,True,2025-07-05
player_070,hardcore,5,71.0,2,True,2025-07-22
player_070,hardcore,11,30.0,2,True,2025-06-29
player_071,regular,11,56.0,1,True,2025-07-08
player_071,regular,5,56.0,2,True,2025-07-14
player_071,regular,0,62.0,1,True,2025-07-19
player_071,regular,12,54.0,2,True,2025-06-30
player_071,regular,29,,1,False,2025-07-20
player_071,regular,7,78.0,1,True,2025-07-12
player_071,regular,1,20.0,3,True,2025-07-13
player_071,regular,17,,1,False,2025-07-24
player_071,regular,24,43.0,3,True,2025-07-13
player_071,regular,10,81.0,3,True,2025-07-01
player_071,regular,25,,3,False,2025-07-02
player_071,regular,9,58.0,1,True,2025-07-11
player_072,regular,0,58.0,1,True,2025-07-18
player_072,regular,8,66.0,3,True,2025-07-12
player_072,regular,1,63.0,2,True,2025-07-09
player_072,regular,16,39.0,2,True,2025-07-12
player_072,regular,6,73.0,1,True,2025-07-17
player_072,regular,9,38.0,1,True,2025-07-22
player_072,regular,17,39.0,1,True,2025-07-25
player_072,regular,7,,2,False,2025-07-10
player_072,regular,5,87.0,3,True,2025-07-22
player_073,regular,4,24.0,2,True,2025-06-29
player_073,regular,14,29.0,2,True,2025-06-29
player_073,regular,6,21.0,1,True,2025-07-20
player_073,regular,11,57.0,3,True,2025-07-24
player_073,regular,27,60.0,3,True,2025-07-12
player_073,regular,1,57.0,2,True,2025-07-01
player_073,regular,15,36.0,1,True,2025-07-16
player_073,regular,12,21.0,3,True,2025-07-02
player_073,regular,29,37.0,3,True,2025-07-20
player_073,regular,24,,2,False,2025-07-29
player_073,regular,20,23.0,1,True,2025-07-15
player_074,hardcore,15,48.0,2,True,2025-07-10
player_074,hardcore,7,46.0,2,True,2025-07-22
player_074,hardcore,11,85.0,2,True,2025-07-18
player_074,hardcore,19,21.0,1,True,2025-07-10
player_074,hardcore,24,62.0,1,True,2025-07-22
player_074,hardcore,26,26.0,2,True,2025-07-03
player_075,hardcore,2,,2,False,2025-07-05
player_075,hardcore,5,63.0,1,True,2025-07-16
player_075,hardcore,9,85.0,2,True,2025-07-24
player_075,hardcore,23,58.0,2,True,2025-07-22
player_075,hardcore,22,50.0,1,True,2025-07-14
player_075,hardcore,8,71.0,2,True,2025-07-07
player_075,hardcore,1,41.0,1,True,2025-07-02
player_075,hardcore,16,74.0,1,True,2025-07-18
player_075,hardcore,27,35.0,1,True,2025-07-23
player_075,hardcore,10,70.0,1,True,2025-07-25
player_076,casual,19,42.0,2,True,2025-07-21
player_076,casual,1,35.0,2,True,2025-07-29
player_076,casual,28,36.0,3,True,2025-07-05
player_076,casual,29,,3,False,2025-07-09
player_076,casual,9,89.0,3,True,2025-07-14
player_076,casual,3,29.0,1,True,2025-07-28
player_076,casual,26,59.0,4,True,2025-07-17
player_076,casual,24,52.0,3,True,2025-07-03
player_076,casual,13,,1,False,2025-07-23
player_076,casual,15,70.0,3,True,2025-07-06
player_076,casual,6,68.0,3,True,2025-07-01
player_076,casual,11,28.0,1,True,2025-07-26
player_077,hardcore,1,28.0,1,True,2025-07-13
player_077,hardcore,24,27.0,2,True,2025-07-18
player_077,hardcore,5,52.0,1,True,2025-07-17
player_077,hardcore,22,23.0,1,True,2025-07-12
player_077,hardcore,29,49.0,1,True,2025-07-08
player_077,hardcore,28,,1,False,2025-07-03
player_077,hardcore,4,30.0,2,True,2025-07-22
player_077,hardcore,9,58.0,1,True,2025-07-08
player_077,hardcore,26,45.0,2,True,2025-07-16
player_077,hardcore,3,73.0,1,True,2025-07-16
player_077,hardcore,13,46.0,1,True,2025-07-15
player_077,hardcore,2,69.0,1,True,2025-07-14
player_077,hardcore,6,68.0,1,True,2025-07-23
player_078,casual,12,29.0,3,True,2025-07-12
player_078,casual,9,76.0,3,True,2025-07-20
player_078,casual,7,60.0,3,True,2025-07-12
player_078,casual,26,74.0,4,True,2025-07-25
player_078,casual,27,87.0,3,True,2025-07-14
player_078,casual,8,44.0,3,True,2025-07-09
player_078,casual,10,27.0,4,True,2025-07-02
player_078,casual,13,28.0,4,True,2025-07-15
player_079,regular,16,29.0,3,True,2025-07-02
player_079,regular,8,54.0,3,True,2025-07-03
player_079,regular,6,58.0,3,True,2025-07-19
player_079,regular,1,,1,False,2025-07-06
player_079,regular,18,43.0,3,True,2025-07-23
player_080,regular,19,27.0,1,True,2025-07-07
player_080,regular,27,76.0,3,True,2025-07-12
player_080,regular,11,79.0,3,True,2025-07-28
player_080,regular,3,,3,False,2025-07-27
player_080,regular,8,65.0,3,True,2025-06-29
player_080,regular,7,83.0,3,True,2025-07-22
player_080,regular,10,48.0,1,True,2025-07-18
player_080,regular,17,36.0,3,True,2025-07-07
player_080,regular,28,72.0,1,True,2025-07-01
player_080,regular,29,30.0,2,True,2025-07-26
player_080,regular,16,76.0,1,True,2025-07-18
player_080,regular,20,59.0,1,True,2025-07-13
player_080,regular,6,90.0,3,True,2025-07-22
player_081,regular,3,59.0,1,True,2025-07-08
player_081,regular,28,,2,False,2025-07-22
player_081,regular,22,78.0,1,True,2025-07-26
player_081,regular,17,30.0,1,True,2025-07-22
player_081,regular,21,38.0,1,True,2025-07-01
player_081,regular,18,55.0,1,True,2025-07-21
player_081,regular,12,61.0,1,True,2025-07-16
player_081,regular,29,72.0,2,True,2025-07-12
player_081,regular,0,89.0,3,True,2025-07-01
player_081,regular,7,65.0,2,True,2025-07-22
player_081,regular,24,53.0,1,True,2025-07-11
player_081,regular,27,40.0,3,True,2025-07-21
player_081,regular,19,,2,False,2025-07-10
player_081,regular,13,75.0,1,True,2025-07-27
player_081,regular,2,22.0,1,True,2025-07-06
player_082,hardcore,21,30.0,1,True,2025-07-22
player_082,hardcore,1,36.0,2,True,2025-07-25
player_082,hardcore,29,45.0,1,True,2025-07-24
player_082,hardcore,6,71.0,2,True,2025-07-20
player_082,hardcore,23,47.0,1,True,2025-07-10
player_082,hardcore,7,66.0,1,True,2025-07-02
player_082,hardcore,14,34.0,1,True,2025-07-21
player_082,hardcore,3,41.0,2,True,2025-07-15
player_082,hardcore,16,73.0,1,True,2025-07-01
player_082,hardcore,11,49.0,1,True,2025-07-10
player_083,regular,19,,1,False,2025-07-17
player_083,regular,0,44.0,3,True,2025-07-22
player_083,regular,14,37.0,3,True,2025-07-06
player_083,regular,22,33.0,3,True,2025-07-11
player_083,regular,9,,1,False,2025-07-23
player_083,regular,25,89.0,3,True,2025-07-21
player_083,regular,26,44.0,1,True,2025-07-12
player_083,regular,7,42.0,2,True,2025-06-30
player_083,regular,8,85.0,1,True,2025-07-19
player_083,regular,13,42.0,1,True,2025-07-02
player_083,regular,16,35.0,1,True,2025-07-20
player_083,regular,27,,1,False,2025-07-06
player_084,casual,7,,2,False,2025-07-24
player_084,casual,12,75.0,2,True,2025-07-21
player_084,casual,11,41.0,2,True,2025-07-25
player_084,casual,29,51.0,3,True,2025-07-17
player_084,casual,21,62.0,2,True,2025-07-15
player_084,casual,14,70.0,4,True,2025-07-06
player_084,casual,18,88.0,4,True,2025-07-11
player_084,casual,15,24.0,2,True,2025-07-22
player_085,hardcore,12,82.0,1,True,2025-06-29
player_085,hardcore,17,51.0,1,True,2025-06-29
player_085,hardcore,25,66.0,1,True,2025-06-30
player_085,hardcore,28,50.0,1,True,2025-07-17
player_085,hardcore,8,71.0,1,True,2025-07-14
player_085,hardcore,18,79.0,2,True,2025-06-29
player_085,hardcore,3,74.0,2,True,2025-07-01
player_085,hardcore,24,77.0,2,True,2025-07-10
player_085,hardcore,21,80.0,1,True,2025-07-27
player_085,hardcore,9,59.0,1,True,2025-07-28
player_085,hardcore,23,,2,False,2025-07-05
player_085,hardcore,20,20.0,1,True,2025-07-22
player_085,hardcore,10,63.0,1,True,2025-07-16
player_086,regular,9,49.0,2,True,2025-07-16
player_086,regular,20,40.0,2,True,2025-07-10
player_086,regular,3,30.0,1,True,2025-07-24
player_086,regular,25,24.0,1,True,2025-07-23
player_086,regular,6,31.0,1,True,2025-07-06
player_086,regular,13,83.0,1,True,2025-06-30
player_086,regular,29,38.0,2,True,2025-07-04
player_086,regular,14,66.0,3,True,2025-07-20
player_086,regular,2,63.0,1,True,2025-07-18
player_086,regular,24,71.0,2,True,2025-07-09
player_086,regular,7,40.0,2,True,2025-07-08
player_086,regular,19,71.0,1,True,2025-07-12
player_087,casual,23,50.0,4,True,2025-07-09
player_087,casual,24,35.0,4,True,2025-07-14
player_087,casual,13,,4,False,2025-07-26
player_087,casual,8,,3,False,2025-07-13
player_087,casual,6,25.0,2,True,2025-07-01
player_087,casual,29,59.0,3,True,2025-07-15
player_087,casual,11,75.0,2,True,2025-07-08
player_087,casual,3,79.0,4,True,2025-07-04
player_087,casual,7,44.0,3,True,2025-07-09
player_087,casual,20,71.0,2,True,2025-07-13
player_088,casual,11,,2,False,2025-06-30
player_088,casual,4,22.0,3,True,2025-07-02
player_088,casual,27,50.0,2,True,2025-07-22
player_088,casual,9,44.0,3,True,2025-07-17
player_088,casual,25,46.0,3,True,2025-07-21
player_088,casual,3,86.0,1,True,2025-07-28
player_088,casual,19,60.0,2,True,2025-07-09
player_088,casual,7,42.0,2,True,2025-07-16
player_088,casual,0,87.0,3,True,2025-07-22
player_088,casual,20,52.0,1,True,2025-07-20
player_088,casual,10,32.0,2,True,2025-06-30
player_088,casual,16,64.0,2,True,2025-07-12
player_088,casual,1,63.0,2,True,2025-07-14
player_088,casual,24,43.0,1,True,2025-07-13
player_088,casual,22,32.0,4,True,2025-07-11
player_089,hardcore,2,70.0,1,True,2025-07-16
player_089,hardcore,3,58.0,2,True,2025-07-08
player_089,hardcore,0,37.0,1,True,2025-07-06
player_089,hardcore,7,81.0,2,True,2025-07-05
player_089,hardcore,19,21.0,2,True,2025-07-25
player_089,hardcore,15,,1,False,2025-07-29
player_089,hardcore,18,,2,False,2025-07-06
player_089,hardcore,26,24.0,1,True,2025-07-06
player_089,hardcore,24,49.0,1,True,2025-07-16
player_089,hardcore,6,28.0,1,True,2025-07-10
player_089,hardcore,16,63.0,1,True,2025-07-13
player_089,hardcore,27,76.0,2,True,2025-07-24
player_089,hardcore,11,,1,False,2025-07-19
player_090,hardcore,28,45.0,1,True,2025-07-20
player_090,hardcore,23,49.0,1,True,2025-07-16
player_090,hardcore,20,74.0,1,True,2025-07-23
player_090,hardcore,7,45.0,2,True,2025-07-09
player_090,hardcore,21,32.0,1,True,2025-07-19
player_090,hardcore,10,50.0,1,True,2025-07-13
player_090,hardcore,3,,1,False,2025-07-07
player_090,hardcore,1,82.0,2,True,2025-07-10
player_090,hardcore,8,34.0,1,True,2025-07-06
player_091,hardcore,28,,2,False,2025-07-07
player_091,hardcore,20,89.0,2,True,2025-07-18
player_091,hardcore,12,51.0,2,True,2025-07-03
player_091,hardcore,17,53.0,2,True,2025-07-25
player_091,hardcore,6,69.0,1,True,2025-07-14
player_091,hardcore,21,40.0,1,True,2025-07-07
player_091,hardcore,10,84.0,1,True,2025-07-29
player_092,regular,19,63.0,1,True,2025-07-16
player_092,regular,7,78.0,3,True,2025-07-19
player_092,regular,5,59.0,1,True,2025-07-09
player_092,regular,9,33.0,3,True,2025-07-18
player_092,regular,16,25.0,1,True,2025-06-29
player_092,regular,23,26.0,1,True,2025-07-10
player_092,regular,28,,2,False,2025-07-04
player_093,regular,14,84.0,2,True,2025-07-24
player_093,regular,23,25.0,3,True,2025-07-11
player_093,regular,11,86.0,3,True,2025-07-23
player_093,regular,4,59.0,2,True,2025-07-15
player_093,regular,26,42.0,2,True,2025-07-13
player_093,regular,6,49.0,2,True,2025-07-29
player_093,regular,9,24.0,1,True,2025-07-04
player_093,regular,10,66.0,2,True,2025-07-25
player_093,regular,20,83.0,3,True,2025-07-27
player_093,regular,15,27.0,1,True,2025-07-16
player_094,casual,23,86.0,2,True,2025-07-18
player_094,casual,7,75.0,2,True,2025-07-29
player_094,casual,11,76.0,3,True,2025-07-29
player_094,casual,20,85.0,4,True,2025-07-23
player_094,casual,17,66.0,3,True,2025-07-29
player_094,casual,26,88.0,2,True,2025-07-09
player_094,casual,2,65.0,2,True,2025-06-29
player_094,casual,13,55.0,2,True,2025-07-25
player_094,casual,8,70.0,4,True,2025-07-01
player_094,casual,16,23.0,1,True,2025-07-26
player_094,casual,24,40.0,3,True,2025-07-18
player_094,casual,28,56.0,4,True,2025-07-13
player_095,casual,6,65.0,2,True,2025-07-23
player_095,casual,21,,4,False,2025-07-14
player_095,casual,14,77.0,3,True,2025-07-20
player_095,casual,16,88.0,3,True,2025-07-21
player_095,casual,12,65.0,4,True,2025-06-30
player_095,casual,27,81.0,2,True,2025-07-21
player_095,casual,17,,1,False,2025-07-15
player_095,casual,9,37.0,3,True,2025-07-14
player_095,casual,7,26.0,1,True,2025-07-10
player_095,casual,19,33.0,3,True,2025-07-28
player_095,casual,1,89.0,2,True,2025-07-07
player_095,casual,22,30.0,4,True,2025-07-09
player_095,casual,5,52.0,2,True,2025-07-29
player_096,hardcore,7,,1,False,2025-07-23
player_096,hardcore,22,89.0,2,True,2025-07-23
player_096,hardcore,16,,1,False,2025-07-17
player_096,hardcore,8,53.0,1,True,2025-07-21
player_096,hardcore,21,52.0,1,True,2025-07-22
player_096,hardcore,26,,2,False,2025-07-06
player_096,hardcore,3,53.0,1,True,2025-07-02
player_096,hardcore,1,70.0,2,True,2025-07-01
player_096,hardcore,24,,1,False,2025-07-03
player_096,hardcore,2,69.0,1,True,2025-07-13
player_096,hardcore,23,82.0,1,True,2025-07-22
player_096,hardcore,4,57.0,1,True,2025-06-30
player_096,hardcore,12,74.0,2,True,2025-07-06
player_097,hardcore,3,86.0,1,True,2025-07-28
player_097,hardcore,7,29.0,1,True,2025-07-23
player_097,hardcore,18,45.0,2,True,2025-07-19
player_097,hardcore,13,79.0,1,True,2025-06-30
player_097,hardcore,20,42.0,1,True,2025-07-15
player_097,hardcore,2,68.0,2,True,2025-07-04
player_097,hardcore,17,,2,False,2025-07-27
player_098,casual,27,,3,False,2025-07-09
player_098,casual,25,20.0,4,True,2025-07-21
player_098,casual,24,76.0,4,True,2025-07-15
player_098,casual,3,80.0,3,True,2025-07-28
player_098,casual,1,40.0,3,True,2025-07-18
player_099,casual,10,33.0,4,True,2025-07-20
player_099,casual,22,,2,False,2025-07-29
player_099,casual,11,53.0,1,True,2025-06-30
player_099,casual,2,66.0,3,True,2025-07-12
player_099,casual,28,,4,False,2025-07-17
